<?xml version="1.0" encoding="UTF-8"?>
<!DOCTYPE hibernate-configuration PUBLIC
"-//Hibernate/Hibernate Configuration DTD 3.0//EN"
"http://hibernate.sourceforge.net/hibernate-configuration-3.0.dtd">
<hibernate-configuration>
	<session-factory>
		
		<property name="show_sql">true</property>
		<property name="hibernate.dialect">org.hibernate.dialect.MySQLDialect</property>
		<property name="hibernate.connection.driver_class">com.mysql.jdbc.Driver</property>
		<property name="hibernate.connection.url">jdbc:mysql://localhost:3306/lead</property>
		<property name="hibernate.connection.username">leadapp</property>
		<property name="hibernate.connection.password">leadapp</property>
		
		<mapping resource="mappings/User.hbm.xml" />
        <mapping resource="mappings/Category.hbm.xml" />
        <mapping resource="mappings/Lead.hbm.xml" />
		
	</session-factory>
</hibernate-configuration>