<?xml version="1.0" encoding="ISO-8859-1" ?>

<!DOCTYPE struts-config PUBLIC
          "-//Apache Software Foundation//DTD Struts Configuration 1.3//EN"
          "http://struts.apache.org/dtds/struts-config_1_3.dtd">

<!--
     This is a blank Struts configuration file with an example
     welcome action/page and other commented sample elements.

     Struts Validator is configured using the factory defaults
     and is ready-to-use.

     NOTE: If you have a generator tool to create the corresponding Java classes
     for you, you could include the details in the "form-bean" declarations.
     Otherwise, you would only define the "form-bean" element itself, with the
     corresponding "name" and "type" attributes, as shown here.
-->


<struts-config>


<!-- ================================================ Form Bean Definitions -->

    <form-beans>
    <!-- sample form bean descriptor for an ActionForm
        <form-bean
            name="inputForm"
            type="app.InputForm"/>
    end sample -->

    <!-- sample form bean descriptor for a DynaActionForm
        <form-bean
            name="logonForm"
            type="org.apache.struts.action.DynaActionForm">
            <form-property
                name="username"
                type="java.lang.String"/>
            <form-property
                name="password"
                type="java.lang.String"/>
       </form-bean>
    end sample -->

        <form-bean
            name="leadForm"
            type="com.javachap.web.model.LeadForm"/>

        <form-bean
            name="languageForm"
            type="com.javachap.web.model.LanguageForm"/>

        <form-bean
            name="loginForm"
            type="com.javachap.web.model.LoginForm"/>

        <form-bean
            name="leadListingForm"
            type="com.javachap.web.model.LeadListingForm"/>
        
    </form-beans>


<!-- ========================================= Global Exception Definitions -->

    <global-exceptions>
        <!-- sample exception handler
        <exception
            key="expired.password"
            type="app.ExpiredPasswordException"
            path="/changePassword.jsp"/>
        end sample -->
    </global-exceptions>


<!-- =========================================== Global Forward Definitions -->

    <global-forwards>
        <!-- sample forward
        <forward
            name="welcome"
            path="/Welcome.do"/>
            end sample -->
        <forward name="login" path="/login.do" />
        <forward name="home" path="/leadListing.do"/>
    </global-forwards>


<!-- =========================================== Action Mapping Definitions -->

    <action-mappings>

    <!-- sample input and input submit actions

        <action
            path="/Input"
            type="org.apache.struts.actions.ForwardAction"
            parameter="/pages/Input.jsp"/>

        <action
            path="/InputSubmit"
            type="app.InputAction"
            name="inputForm"
            scope="request"
            validate="true"
            input="/pages/Input.jsp"/>

    end samples -->

        <action path="/lead" 
                type="com.javachap.web.controller.LeadAction"
                name="leadForm"
                scope="request"
                validate="false"
                input="/leadDetails.jsp" >
            <forward name="leadCreateEdit" path="/leadCreateEdit.jsp"/>
        </action>

        <action path="/leadListing"
                type="com.javachap.web.controller.LeadListingAction"
                name="leadListingForm"
                scope="request"
                validate="false" 
                input="/leadListing.jsp"/>

        <action path="/language"
                type="com.javachap.web.controller.LanguageAction"
                name="languageForm"
                scope="request"
                validate="true" >
            <forward name="leadListing" path="/leadListing.do"/>
        </action>

        <action path="/login"
                type="com.javachap.web.controller.LoginAction"
                name="loginForm"
                scope="request"
                validate="false"
                input="/login.jsp" />

        <action path="/logout"
                type="com.javachap.web.controller.LogoutAction"
                scope="request"
                validate="false">
        </action>
       
    </action-mappings>

    <message-resources parameter="ApplicationResources" />


</struts-config>

