<?xml version="1.0" encoding="UTF-8"?>
<!DOCTYPE hibernate-mapping PUBLIC
"-//Hibernate/Hibernate Mapping DTD 3.0//EN"
  "http://hibernate.sourceforge.net/hibernate-mapping-3.0.dtd">

<hibernate-mapping>
    <class name="com.javachap.domain.Lead" table="LEAD" discriminator-value="0">
        <id column="LD_ID" name="id" type="java.lang.Long">
            <generator class="native"/>
        </id>
        <discriminator type="integer" formula="case when LD_ID &gt; 0 then 1 else 0 end"/>
        <property column="LD_TITLE" name="title" type="java.lang.String"/>
        <property column="LD_DESCRIPTION" name="description" type="java.lang.String"/>
        <property column="LD_FIRST_NAME" name="firstName" type="java.lang.String"/>
        <property column="LD_LAST_NAME" name="lastName" type="java.lang.String"/>
        <property column="LD_EMAIL" name="email" type="java.lang.String"/>
        <property column="LD_PHONE" name="phone" type="java.lang.String"/>
        <property column="LD_PRICE" name="price" type="java.lang.Float"/>
        <property column="LD_STATUS" name="status" type="java.lang.String"/>

        <property column="LD_CREATED_DATE" name="createdDate" type="java.util.Date"/>
        <property column="LD_MODIFIED_DATE" name="modifiedDate" type="java.util.Date"/>

        <many-to-one name="owner" class="com.javachap.domain.User" 
                column="LD_OWNER_ID" fetch="join" lazy="false" not-null="true"/>

        <many-to-one name="category" class="com.javachap.domain.Category" 
                column="LD_CATEGORY_ID" fetch="join" lazy="false"  not-null="true"/>


        <subclass name="com.javachap.domain.impl.LeadImpl" discriminator-value="1"/>

    </class>
</hibernate-mapping>